451690,COMP100,MATH220,BUSN225
475951,COMM275,COMP200,MATH320,BUSN325
488470,COMM375,COMP300,MATH220
418875,ACCT425,COMM275
466426,COMM275,COMP200,MATH320,BUSN325,COMM375
497997,BUSN325,COMM375,COMP300,MATH220
438850,COMP100,MATH220,BUSN225
410050,COMM275,COMP200,MATH320,BUSN325
431760,COMM375,COMP300,MATH220
445988,ACCT425,COMM275
